import_date,register_number,target_date,manhours_fsi_member,manhours_contract_member,manhours_accepted_member,created
2026/1/1,KM0101,2026/1/1,183.17,0,78.33,2026/1/1 0:00
2026/1/1,KM0201,2026/1/1,528.33,0,178.83,2026/1/1 0:00
2026/1/1,KM0301,2026/1/1,200.5,0,<NULL>,2026/1/1 0:00
2026/1/1,KM0401,2026/1/1,<NULL>,0,70.5,2026/1/1 0:00
2026/1/1,KM0501,2026/1/1,236.83,<NULL>,0,2026/1/1 0:00
2026/1/1,KM0601,2026/1/1,112.5,0,330.17,2026/1/1 0:00
2026/1/1,KM0701,2026/1/1,413.33,0,202.5,2026/1/1 0:00
2026/1/1,KM0801,2026/1/1,114.17,0,0,2026/1/1 0:00
2026/1/1,KM0901,2026/1/1,5,0,0,2026/1/1 0:00
2026/1/1,KM1001,2026/1/1,53.17,0,0.5,2026/1/1 0:00
2026/1/1,KM1101,2026/1/1,72,0,0,2026/1/1 0:00
2026/1/1,KM1102,2026/1/1,15,0,0,2026/1/1 0:00
2026/1/1,IF0101,2026/1/1,21,0,0,2026/1/1 0:00
2026/1/1,IF0201,2026/1/1,303,0,0,2026/1/1 0:00
2026/1/1,IF0301,2026/1/1,197.67,0,0,2026/1/1 0:00
2026/1/1,IF0401,2026/1/1,0.67,0,0,2026/1/1 0:00
2026/1/1,IF0501,2026/1/1,192.17,0,0,2026/1/1 0:00
2026/1/1,IF0601,2026/1/1,10.67,0,0,2026/1/1 0:00
2026/1/1,IF0701,2026/1/1,251,0,0,2026/1/1 0:00
2026/1/1,IF0801,2026/1/1,170.5,0,174.83,2026/1/1 0:00
2026/1/1,IF0901,2026/1/1,185,0,0,2026/1/1 0:00
2026/1/1,IF1001,2026/1/1,16.67,0,0,2026/1/1 0:00
2026/1/1,IF1101,2026/1/1,280.17,0,0,2026/1/1 0:00
2026/1/1,IF1102,2026/1/1,76.83,0,0,2026/1/1 0:00
2026/1/1,SO0101,2026/1/1,5,0,157.5,2026/1/1 0:00
2026/1/1,SO0201,2026/1/1,26,0,0,2026/1/1 0:00
2026/1/1,SO0301,2026/1/1,564.5,0,0,2026/1/1 0:00
2026/1/1,SO0401,2026/1/1,164.67,0,0,2026/1/1 0:00
2026/1/1,SO0501,2026/1/1,191.5,0,0,2026/1/1 0:00
2026/1/1,SO0601,2026/1/1,315.5,0,169.5,2026/1/1 0:00
2026/1/1,SO0701,2026/1/1,120,0,0,2026/1/1 0:00
2026/1/1,SO0801,2026/1/1,50.17,0,0,2026/1/1 0:00
2026/1/1,SO0901,2026/1/1,397.33,0,0,2026/1/1 0:00
2026/1/1,SO1001,2026/1/1,7,0,0,2026/1/1 0:00
2026/1/1,SO1101,2026/1/1,281.17,0,186.5,2026/1/1 0:00
2026/1/1,SO1102,2026/1/1,15.5,0,164.5,2026/1/1 0:00
2026/1/1,KM0101,2026/2/1,81.5,0,0,2026/1/1 0:00
2026/1/1,KM0201,2026/2/1,72.83,0,144,2026/1/1 0:00
2026/1/1,KM0301,2026/2/1,164,0,0,2026/1/1 0:00
2026/1/1,KM0401,2026/2/1,391.67,0,100.5,2026/1/1 0:00
2026/1/1,KM0501,2026/2/1,0.5,0,0,2026/1/1 0:00
2026/1/1,KM0601,2026/2/1,60,0,320,2026/1/1 0:00
2026/1/1,KM0701,2026/2/1,2.67,0,0,2026/1/1 0:00
2026/1/1,KM0801,2026/2/1,174.75,0,179.5,2026/1/1 0:00
2026/1/1,KM0901,2026/2/1,171,0,0,2026/1/1 0:00
2026/1/1,KM1001,2026/2/1,41.17,0,0,2026/1/1 0:00
2026/1/1,KM1101,2026/2/1,356.17,0,0,2026/1/1 0:00
2026/1/1,KM1102,2026/2/1,193.17,0,0,2026/1/1 0:00
2026/1/1,IF0101,2026/2/1,186,0,0,2026/1/1 0:00
2026/1/1,IF0201,2026/2/1,18,0,0,2026/1/1 0:00
2026/1/1,IF0301,2026/2/1,14,0,0,2026/1/1 0:00
2026/1/1,IF0401,2026/2/1,90.33,0,301.5,2026/1/1 0:00
2026/1/1,IF0501,2026/2/1,457.17,0,0,2026/1/1 0:00
2026/1/1,IF0601,2026/2/1,0,0,316,2026/1/1 0:00
2026/1/1,IF0701,2026/2/1,135,0,0,2026/1/1 0:00
2026/1/1,IF0801,2026/2/1,143.67,0,178.17,2026/1/1 0:00
2026/1/1,IF0901,2026/2/1,290.33,0,0,2026/1/1 0:00
2026/1/1,IF1001,2026/2/1,74.83,0,0,2026/1/1 0:00
2026/1/1,IF1101,2026/2/1,0,0,13,2026/1/1 0:00
2026/1/1,IF1102,2026/2/1,58.33,0,0,2026/1/1 0:00
2026/1/1,SO0101,2026/2/1,40,0,0,2026/1/1 0:00
2026/1/1,SO0201,2026/2/1,1109.67,0,0,2026/1/1 0:00
2026/1/1,SO0301,2026/2/1,251.5,0,0,2026/1/1 0:00
2026/1/1,SO0401,2026/2/1,177.5,0,0,2026/1/1 0:00
2026/1/1,SO0501,2026/2/1,5,0,0,2026/1/1 0:00
2026/1/1,SO0601,2026/2/1,159,0,0,2026/1/1 0:00
2026/1/1,SO0701,2026/2/1,199.83,0,451.5,2026/1/1 0:00
2026/1/1,SO0801,2026/2/1,126,0,100.5,2026/1/1 0:00
2026/1/1,SO0901,2026/2/1,0.5,0,0,2026/1/1 0:00
2026/1/1,SO1001,2026/2/1,178.5,0,0,2026/1/1 0:00
2026/1/1,SO1101,2026/2/1,5,0,167,2026/1/1 0:00
2026/1/1,SO1102,2026/2/1,606.83,0,155.5,2026/1/1 0:00
2026/1/1,KM0101,2026/3/1,552,0,177.5,2026/1/1 0:00
2026/1/1,KM0201,2026/3/1,481.17,0,0,2026/1/1 0:00
2026/1/1,KM0301,2026/3/1,38.33,0,0,2026/1/1 0:00
2026/1/1,KM0401,2026/3/1,294,0,186.5,2026/1/1 0:00
2026/1/1,KM0501,2026/3/1,0,0,177,2026/1/1 0:00
2026/1/1,KM0601,2026/3/1,172.17,0,157.83,2026/1/1 0:00
2026/1/1,KM0701,2026/3/1,185.33,0,0,2026/1/1 0:00
2026/1/1,KM0801,2026/3/1,65,0,0,2026/1/1 0:00
2026/1/1,KM0901,2026/3/1,194.5,0,168,2026/1/1 0:00
2026/1/1,KM1001,2026/3/1,166.67,0,0,2026/1/1 0:00
2026/1/1,KM1101,2026/3/1,310.67,0,187,2026/1/1 0:00
2026/1/1,KM1102,2026/3/1,127.33,0,358.5,2026/1/1 0:00
2026/1/1,IF0101,2026/3/1,154.5,0,0,2026/1/1 0:00
2026/1/1,IF0201,2026/3/1,685.33,0,338.5,2026/1/1 0:00
2026/1/1,IF0301,2026/3/1,153,0,0,2026/1/1 0:00
2026/1/1,IF0401,2026/3/1,0,0,179,2026/1/1 0:00
2026/1/1,IF0501,2026/3/1,72,0,0,2026/1/1 0:00
2026/1/1,IF0601,2026/3/1,12,0,0,2026/1/1 0:00
2026/1/1,IF0701,2026/3/1,413.17,0,0,2026/1/1 0:00
2026/1/1,IF0801,2026/3/1,262,0,0,2026/1/1 0:00
2026/1/1,IF0901,2026/3/1,186.83,0,0,2026/1/1 0:00
2026/1/1,IF1001,2026/3/1,10,0,0,2026/1/1 0:00
2026/1/1,IF1101,2026/3/1,155,0,0,2026/1/1 0:00
2026/1/1,IF1102,2026/3/1,0,0,1,2026/1/1 0:00
2026/1/1,SO0101,2026/3/1,18,0,0,2026/1/1 0:00
2026/1/1,SO0201,2026/3/1,1,0,0,2026/1/1 0:00
2026/1/1,SO0301,2026/3/1,35,0,0,2026/1/1 0:00
2026/1/1,SO0401,2026/3/1,101,0,0,2026/1/1 0:00
2026/1/1,SO0501,2026/3/1,365.33,0,340.5,2026/1/1 0:00
2026/1/1,SO0601,2026/3/1,178.5,0,0,2026/1/1 0:00
2026/1/1,SO0701,2026/3/1,31.5,0,0,2026/1/1 0:00
2026/1/1,SO0801,2026/3/1,52.17,0,0,2026/1/1 0:00
2026/1/1,SO0901,2026/3/1,73.33,0,38.17,2026/1/1 0:00
2026/1/1,SO1001,2026/3/1,935.17,0,0,2026/1/1 0:00
2026/1/1,SO1101,2026/3/1,25,0,0,2026/1/1 0:00
2026/1/1,SO1102,2026/3/1,61.5,0,0,2026/1/1 0:00
2026/1/1,KM0101,2026/4/1,1,0,505.83,2026/1/1 0:00
2026/1/1,KM0201,2026/4/1,379.17,0,0,2026/1/1 0:00
2026/1/1,KM0301,2026/4/1,343.33,0,0,2026/1/1 0:00
2026/1/1,KM0401,2026/4/1,78.33,0,0,2026/1/1 0:00
2026/1/1,KM0501,2026/4/1,15,0,0,2026/1/1 0:00
2026/1/1,KM0601,2026/4/1,14.17,0,0,2026/1/1 0:00
2026/1/1,KM0701,2026/4/1,15,0,0,2026/1/1 0:00
2026/1/1,KM0801,2026/4/1,0,0,5.83,2026/1/1 0:00
2026/1/1,KM0901,2026/4/1,0,0,45.33,2026/1/1 0:00
2026/1/1,KM1001,2026/4/1,18.67,0,0,2026/1/1 0:00
2026/1/1,KM1101,2026/4/1,579.5,0,0,2026/1/1 0:00
2026/1/1,KM1102,2026/4/1,347.67,0,31.5,2026/1/1 0:00
2026/1/1,IF0101,2026/4/1,22,0,0,2026/1/1 0:00
2026/1/1,IF0201,2026/4/1,172.58,0,0,2026/1/1 0:00
2026/1/1,IF0301,2026/4/1,3.5,0,0,2026/1/1 0:00
2026/1/1,IF0401,2026/4/1,784.5,0,0,2026/1/1 0:00
2026/1/1,IF0501,2026/4/1,190,0,0,2026/1/1 0:00
2026/1/1,IF0601,2026/4/1,150,0,0,2026/1/1 0:00
2026/1/1,IF0701,2026/4/1,213.75,0,0,2026/1/1 0:00
2026/1/1,IF0801,2026/4/1,955.5,0,526.17,2026/1/1 0:00
2026/1/1,IF0901,2026/4/1,202.5,0,0,2026/1/1 0:00
2026/1/1,IF1001,2026/4/1,183,0,0,2026/1/1 0:00
2026/1/1,IF1101,2026/4/1,527.17,0,652,2026/1/1 0:00
2026/1/1,IF1102,2026/4/1,223.33,0,0,2026/1/1 0:00
2026/1/1,SO0101,2026/4/1,1590.17,0,731.17,2026/1/1 0:00
2026/1/1,SO0201,2026/4/1,368.5,0,280.5,2026/1/1 0:00
2026/1/1,SO0301,2026/4/1,344.33,0,0,2026/1/1 0:00
2026/1/1,SO0401,2026/4/1,0,0,170.5,2026/1/1 0:00
2026/1/1,SO0501,2026/4/1,372,0,353.17,2026/1/1 0:00
2026/1/1,SO0601,2026/4/1,403.67,0,0,2026/1/1 0:00
2026/1/1,SO0701,2026/4/1,0,180,0,2026/1/1 0:00
2026/1/1,SO0801,2026/4/1,353.83,0,189,2026/1/1 0:00
2026/1/1,SO0901,2026/4/1,161,0,0,2026/1/1 0:00
2026/1/1,SO1001,2026/4/1,168.83,0,0,2026/1/1 0:00
2026/1/1,SO1101,2026/4/1,170,0,0,2026/1/1 0:00
2026/1/1,SO1102,2026/4/1,194,0,0,2026/1/1 0:00
2026/1/1,KM0101,2026/5/1,156,0,116.67,2026/1/1 0:00
2026/1/1,KM0201,2026/5/1,37.83,0,23.5,2026/1/1 0:00
2026/1/1,KM0301,2026/5/1,300.67,0,468.67,2026/1/1 0:00
2026/1/1,KM0401,2026/5/1,780.75,0,950.33,2026/1/1 0:00
2026/1/1,KM0501,2026/5/1,691,0,920.33,2026/1/1 0:00
2026/1/1,KM0601,2026/5/1,69.17,0,0,2026/1/1 0:00
2026/1/1,KM0701,2026/5/1,17.5,0,0,2026/1/1 0:00
2026/1/1,KM0801,2026/5/1,356.83,0,0,2026/1/1 0:00
2026/1/1,KM0901,2026/5/1,10.33,0,0,2026/1/1 0:00
2026/1/1,KM1001,2026/5/1,161.25,0,0,2026/1/1 0:00
2026/1/1,KM1101,2026/5/1,313.17,0,165.5,2026/1/1 0:00
2026/1/1,KM1102,2026/5/1,11.5,0,0,2026/1/1 0:00
2026/1/1,IF0101,2026/5/1,148.17,0,170,2026/1/1 0:00
2026/1/1,IF0201,2026/5/1,174.5,0,328.33,2026/1/1 0:00
2026/1/1,IF0301,2026/5/1,101.17,0,175.5,2026/1/1 0:00
2026/1/1,IF0401,2026/5/1,184.5,0,0,2026/1/1 0:00
2026/1/1,IF0501,2026/5/1,181.75,0,0,2026/1/1 0:00
2026/1/1,IF0601,2026/5/1,153.5,0,0,2026/1/1 0:00
2026/1/1,IF0701,2026/5/1,156.67,0,0,2026/1/1 0:00
2026/1/1,IF0801,2026/5/1,157.83,0,0,2026/1/1 0:00
2026/1/1,IF0901,2026/5/1,167.33,0,0,2026/1/1 0:00
2026/1/1,IF1001,2026/5/1,326,0,610.33,2026/1/1 0:00
2026/1/1,IF1101,2026/5/1,152.5,0,362.5,2026/1/1 0:00
2026/1/1,IF1102,2026/5/1,437.33,0,0,2026/1/1 0:00
2026/1/1,SO0101,2026/5/1,19.33,0,0,2026/1/1 0:00
2026/1/1,SO0201,2026/5/1,670,0,384.67,2026/1/1 0:00
2026/1/1,SO0301,2026/5/1,282.17,0,95,2026/1/1 0:00
2026/1/1,SO0401,2026/5/1,385.17,0,0,2026/1/1 0:00
2026/1/1,SO0501,2026/5/1,17.5,0,0,2026/1/1 0:00
2026/1/1,SO0601,2026/5/1,122.5,0,863.67,2026/1/1 0:00
2026/1/1,SO0701,2026/5/1,214.17,0,0,2026/1/1 0:00
2026/1/1,SO0801,2026/5/1,317,0,0,2026/1/1 0:00
2026/1/1,SO0901,2026/5/1,19.5,0,0,2026/1/1 0:00
2026/1/1,SO1001,2026/5/1,178.5,0,180,2026/1/1 0:00
2026/1/1,SO1101,2026/5/1,133,0,0,2026/1/1 0:00
2026/1/1,SO1102,2026/5/1,411.83,0,487.67,2026/1/1 0:00
2026/1/1,KM0101,2026/6/1,74.33,0,0,2026/1/1 0:00
2026/1/1,KM0201,2026/6/1,66.33,0,0,2026/1/1 0:00
2026/1/1,KM0301,2026/6/1,7,0,0,2026/1/1 0:00
2026/1/1,KM0401,2026/6/1,15,0,168.5,2026/1/1 0:00
2026/1/1,KM0501,2026/6/1,191.5,0,0,2026/1/1 0:00
2026/1/1,KM0601,2026/6/1,12.83,0,0,2026/1/1 0:00
2026/1/1,KM0701,2026/6/1,184.5,0,0,2026/1/1 0:00
2026/1/1,KM0801,2026/6/1,0,184,0,2026/1/1 0:00
2026/1/1,KM0901,2026/6/1,180.5,0,142.5,2026/1/1 0:00
2026/1/1,KM1001,2026/6/1,188.17,0,0,2026/1/1 0:00
2026/1/1,KM1101,2026/6/1,177.5,0,0,2026/1/1 0:00
2026/1/1,KM1102,2026/6/1,179.5,0,0,2026/1/1 0:00
2026/1/1,IF0101,2026/6/1,16,0,0,2026/1/1 0:00
2026/1/1,IF0201,2026/6/1,51.5,0,104.83,2026/1/1 0:00
2026/1/1,IF0301,2026/6/1,0,0,35.67,2026/1/1 0:00
2026/1/1,IF0401,2026/6/1,0,80.33,0,2026/1/1 0:00
2026/1/1,IF0501,2026/6/1,1,0,30.83,2026/1/1 0:00
2026/1/1,IF0601,2026/6/1,9.17,0,0,2026/1/1 0:00
2026/1/1,IF0701,2026/6/1,41.83,0,0,2026/1/1 0:00
2026/1/1,IF0801,2026/6/1,10,0,0,2026/1/1 0:00
2026/1/1,IF0901,2026/6/1,127.83,0,181,2026/1/1 0:00
2026/1/1,IF1001,2026/6/1,512.17,0,156,2026/1/1 0:00
2026/1/1,IF1101,2026/6/1,188.67,0,0,2026/1/1 0:00
2026/1/1,IF1102,2026/6/1,204,0,52.5,2026/1/1 0:00
2026/1/1,SO0101,2026/6/1,5,0,140.67,2026/1/1 0:00
2026/1/1,SO0201,2026/6/1,339.67,0,163.5,2026/1/1 0:00
2026/1/1,SO0301,2026/6/1,12,0,173,2026/1/1 0:00
2026/1/1,SO0401,2026/6/1,8,0,18,2026/1/1 0:00
2026/1/1,SO0501,2026/6/1,108,0,0,2026/1/1 0:00
2026/1/1,SO0601,2026/6/1,84.5,0,0,2026/1/1 0:00
2026/1/1,SO0701,2026/6/1,243.17,0,225.5,2026/1/1 0:00
2026/1/1,SO0801,2026/6/1,543.33,0,0,2026/1/1 0:00
2026/1/1,SO0901,2026/6/1,221,0,0,2026/1/1 0:00
2026/1/1,SO1001,2026/6/1,30,0,0,2026/1/1 0:00
2026/1/1,SO1101,2026/6/1,180,0,0,2026/1/1 0:00
2026/1/1,SO1102,2026/6/1,1,0,148.5,2026/1/1 0:00
2026/1/1,KM0101,2026/7/1,881,0,738.17,2026/1/1 0:00
2026/1/1,KM0201,2026/7/1,171.17,0,157.83,2026/1/1 0:00
2026/1/1,KM0301,2026/7/1,103.67,0,0,2026/1/1 0:00
2026/1/1,KM0401,2026/7/1,10,0,168.83,2026/1/1 0:00
2026/1/1,KM0501,2026/7/1,266.17,0,0,2026/1/1 0:00
2026/1/1,KM0601,2026/7/1,0,0,31.5,2026/1/1 0:00
2026/1/1,KM0701,2026/7/1,0,0,29.67,2026/1/1 0:00
2026/1/1,KM0801,2026/7/1,379.5,0,914.33,2026/1/1 0:00
2026/1/1,KM0901,2026/7/1,121.5,0,0,2026/1/1 0:00
2026/1/1,KM1001,2026/7/1,191.83,0,0,2026/1/1 0:00
2026/1/1,KM1101,2026/7/1,333.5,0,593.67,2026/1/1 0:00
2026/1/1,KM1102,2026/7/1,56.33,0,0,2026/1/1 0:00
2026/1/1,IF0101,2026/7/1,126.83,0,0,2026/1/1 0:00
2026/1/1,IF0201,2026/7/1,10.83,0,0,2026/1/1 0:00
2026/1/1,IF0301,2026/7/1,0,0,22.5,2026/1/1 0:00
2026/1/1,IF0401,2026/7/1,7.67,0,0,2026/1/1 0:00
2026/1/1,IF0501,2026/7/1,8.33,0,0,2026/1/1 0:00
2026/1/1,IF0601,2026/7/1,9.83,0,0,2026/1/1 0:00
2026/1/1,IF0701,2026/7/1,0,0,30,2026/1/1 0:00
2026/1/1,IF0801,2026/7/1,0,0,30,2026/1/1 0:00
2026/1/1,IF0901,2026/7/1,0,0,30,2026/1/1 0:00
2026/1/1,IF1001,2026/7/1,29.5,0,0,2026/1/1 0:00
2026/1/1,IF1101,2026/7/1,28,0,0,2026/1/1 0:00
2026/1/1,IF1102,2026/7/1,30,0,0,2026/1/1 0:00
2026/1/1,SO0101,2026/7/1,1,0,0,2026/1/1 0:00
2026/1/1,SO0201,2026/7/1,100.25,0,0,2026/1/1 0:00
2026/1/1,SO0301,2026/7/1,70.25,0,0,2026/1/1 0:00
2026/1/1,SO0401,2026/7/1,155.5,0,0,2026/1/1 0:00
2026/1/1,SO0501,2026/7/1,455.17,0,167.67,2026/1/1 0:00
2026/1/1,SO0601,2026/7/1,37.67,0,0,2026/1/1 0:00
2026/1/1,SO0701,2026/7/1,169.5,0,0,2026/1/1 0:00
2026/1/1,SO0801,2026/7/1,18,0,173,2026/1/1 0:00
2026/1/1,SO0901,2026/7/1,6.5,0,121.17,2026/1/1 0:00
2026/1/1,SO1001,2026/7/1,453.67,0,0,2026/1/1 0:00
2026/1/1,SO1101,2026/7/1,14,0,14,2026/1/1 0:00
2026/1/1,SO1102,2026/7/1,583,0,460,2026/1/1 0:00
2026/1/1,KM0101,2026/8/1,655.5,0,0,2026/1/1 0:00
2026/1/1,KM0201,2026/8/1,62.17,0,0,2026/1/1 0:00
2026/1/1,KM0301,2026/8/1,20.83,0,0,2026/1/1 0:00
2026/1/1,KM0401,2026/8/1,1040,0,590.5,2026/1/1 0:00
2026/1/1,KM0501,2026/8/1,177,0,0,2026/1/1 0:00
2026/1/1,KM0601,2026/8/1,263,0,328.5,2026/1/1 0:00
2026/1/1,KM0701,2026/8/1,25.67,0,0,2026/1/1 0:00
2026/1/1,KM0801,2026/8/1,193.17,0,169.5,2026/1/1 0:00
2026/1/1,KM0901,2026/8/1,180.33,0,0,2026/1/1 0:00
2026/1/1,KM1001,2026/8/1,631.83,0,208,2026/1/1 0:00
2026/1/1,KM1101,2026/8/1,415,0,112.17,2026/1/1 0:00
2026/1/1,KM1102,2026/8/1,55,0,44.5,2026/1/1 0:00
2026/1/1,IF0101,2026/8/1,168,0,0,2026/1/1 0:00
2026/1/1,IF0201,2026/8/1,160,0,0,2026/1/1 0:00
2026/1/1,IF0301,2026/8/1,60,0,0,2026/1/1 0:00
2026/1/1,IF0401,2026/8/1,79.83,0,0,2026/1/1 0:00
2026/1/1,IF0501,2026/8/1,96.33,0,182.33,2026/1/1 0:00
2026/1/1,IF0601,2026/8/1,96.17,0,0,2026/1/1 0:00
2026/1/1,IF0701,2026/8/1,171.17,0,0,2026/1/1 0:00
2026/1/1,IF0801,2026/8/1,1,0,0,2026/1/1 0:00
2026/1/1,IF0901,2026/8/1,322.67,0,0,2026/1/1 0:00
2026/1/1,IF1001,2026/8/1,322,0,0,2026/1/1 0:00
2026/1/1,IF1101,2026/8/1,159.67,0,0,2026/1/1 0:00
2026/1/1,IF1102,2026/8/1,287.5,0,0,2026/1/1 0:00
2026/1/1,SO0101,2026/8/1,46,0,0,2026/1/1 0:00
2026/1/1,SO0201,2026/8/1,463.33,0,164.33,2026/1/1 0:00
2026/1/1,SO0301,2026/8/1,18,0,0,2026/1/1 0:00
2026/1/1,SO0401,2026/8/1,20.33,0,179,2026/1/1 0:00
2026/1/1,SO0501,2026/8/1,28.5,0,0,2026/1/1 0:00
2026/1/1,SO0601,2026/8/1,284.67,0,0,2026/1/1 0:00
2026/1/1,SO0701,2026/8/1,116.67,0,0,2026/1/1 0:00
2026/1/1,SO0801,2026/8/1,3,0,0,2026/1/1 0:00
2026/1/1,SO0901,2026/8/1,40,0,0,2026/1/1 0:00
2026/1/1,SO1001,2026/8/1,46,0,0,2026/1/1 0:00
2026/1/1,SO1101,2026/8/1,25,0,0,2026/1/1 0:00
2026/1/1,SO1102,2026/8/1,149.5,0,0,2026/1/1 0:00
2026/1/1,KM0101,2026/9/1,62.5,0,0,2026/1/1 0:00
2026/1/1,KM0201,2026/9/1,180.83,0,0,2026/1/1 0:00
2026/1/1,KM0301,2026/9/1,4,0,0,2026/1/1 0:00
2026/1/1,KM0401,2026/9/1,108,0,30,2026/1/1 0:00
2026/1/1,KM0501,2026/9/1,268.5,0,0,2026/1/1 0:00
2026/1/1,KM0601,2026/9/1,36.33,0,0,2026/1/1 0:00
2026/1/1,KM0701,2026/9/1,96,0,0,2026/1/1 0:00
2026/1/1,KM0801,2026/9/1,187.67,0,60.5,2026/1/1 0:00
2026/1/1,KM0901,2026/9/1,108,0,98.17,2026/1/1 0:00
2026/1/1,KM1001,2026/9/1,70,0,60,2026/1/1 0:00
2026/1/1,KM1101,2026/9/1,197.83,0,0,2026/1/1 0:00
2026/1/1,KM1102,2026/9/1,84.17,84.67,0,2026/1/1 0:00
2026/1/1,IF0101,2026/9/1,54.75,0,0,2026/1/1 0:00
2026/1/1,IF0201,2026/9/1,3.17,0,0,2026/1/1 0:00
2026/1/1,IF0301,2026/9/1,0.83,0,0,2026/1/1 0:00
2026/1/1,IF0401,2026/9/1,48.5,0,0,2026/1/1 0:00
2026/1/1,IF0501,2026/9/1,453.67,0,0,2026/1/1 0:00
2026/1/1,IF0601,2026/9/1,183,0,0,2026/1/1 0:00
2026/1/1,IF0701,2026/9/1,199,0,0,2026/1/1 0:00
2026/1/1,IF0801,2026/9/1,20,0,60,2026/1/1 0:00
2026/1/1,IF0901,2026/9/1,2042.5,0,1969,2026/1/1 0:00
2026/1/1,IF1001,2026/9/1,85.5,0,90,2026/1/1 0:00
2026/1/1,IF1101,2026/9/1,249.83,0,0,2026/1/1 0:00
2026/1/1,IF1102,2026/9/1,100,0,0,2026/1/1 0:00
2026/1/1,SO0101,2026/9/1,0,0,166.67,2026/1/1 0:00
2026/1/1,SO0201,2026/9/1,2,0,0,2026/1/1 0:00
2026/1/1,SO0301,2026/9/1,30,0,0,2026/1/1 0:00
2026/1/1,SO0401,2026/9/1,152,0,0,2026/1/1 0:00
2026/1/1,SO0501,2026/9/1,116.33,0,0,2026/1/1 0:00
2026/1/1,SO0601,2026/9/1,236.5,0,681.5,2026/1/1 0:00
2026/1/1,SO0701,2026/9/1,482.25,0,1535.17,2026/1/1 0:00
2026/1/1,SO0801,2026/9/1,405.83,104.5,810.83,2026/1/1 0:00
2026/1/1,SO0901,2026/9/1,40.5,0,49.5,2026/1/1 0:00
2026/1/1,SO1001,2026/9/1,92,0,184.5,2026/1/1 0:00
2026/1/1,SO1101,2026/9/1,325.08,78.17,750,2026/1/1 0:00
2026/1/1,SO1102,2026/9/1,135.33,0,126.5,2026/1/1 0:00
2026/1/1,KM0101,2026/10/1,399.58,0,298.67,2026/1/1 0:00
2026/1/1,KM0201,2026/10/1,0,0,48,2026/1/1 0:00
2026/1/1,KM0301,2026/10/1,390.67,0,0,2026/1/1 0:00
2026/1/1,KM0401,2026/10/1,1008.75,0,762.67,2026/1/1 0:00
2026/1/1,KM0501,2026/10/1,0,0,123.5,2026/1/1 0:00
2026/1/1,KM0601,2026/10/1,403.33,0,912.17,2026/1/1 0:00
2026/1/1,KM0701,2026/10/1,187.5,0,99,2026/1/1 0:00
2026/1/1,KM0801,2026/10/1,870.83,0,1832.83,2026/1/1 0:00
2026/1/1,KM0901,2026/10/1,129.33,0,73,2026/1/1 0:00
2026/1/1,KM1001,2026/10/1,30,0,0,2026/1/1 0:00
2026/1/1,KM1101,2026/10/1,6,0,0,2026/1/1 0:00
2026/1/1,KM1102,2026/10/1,145,0,0,2026/1/1 0:00
2026/1/1,IF0101,2026/10/1,123.5,0,0,2026/1/1 0:00
2026/1/1,IF0201,2026/10/1,84,0,0,2026/1/1 0:00
2026/1/1,IF0301,2026/10/1,16,0,0,2026/1/1 0:00
2026/1/1,IF0401,2026/10/1,2.33,0,0,2026/1/1 0:00
2026/1/1,IF0501,2026/10/1,3,0,0,2026/1/1 0:00
2026/1/1,IF0601,2026/10/1,48,0,0,2026/1/1 0:00
2026/1/1,IF0701,2026/10/1,1,0,0,2026/1/1 0:00
2026/1/1,IF0801,2026/10/1,103.5,0,0,2026/1/1 0:00
2026/1/1,IF0901,2026/10/1,110,0,95,2026/1/1 0:00
2026/1/1,IF1001,2026/10/1,105.33,0,0,2026/1/1 0:00
2026/1/1,IF1101,2026/10/1,0,0,99.17,2026/1/1 0:00
2026/1/1,IF1102,2026/10/1,20,0,0,2026/1/1 0:00
2026/1/1,SO0101,2026/10/1,10.5,0,181.5,2026/1/1 0:00
2026/1/1,SO0201,2026/10/1,1,0,0,2026/1/1 0:00
2026/1/1,SO0301,2026/10/1,70,0,0,2026/1/1 0:00
2026/1/1,SO0401,2026/10/1,188.83,0,0,2026/1/1 0:00
2026/1/1,SO0501,2026/10/1,186,0,0,2026/1/1 0:00
2026/1/1,SO0601,2026/10/1,144,0,0,2026/1/1 0:00
2026/1/1,SO0701,2026/10/1,174.5,0,0,2026/1/1 0:00
2026/1/1,SO0801,2026/10/1,38.17,0,0,2026/1/1 0:00
2026/1/1,SO0901,2026/10/1,344.33,0,0,2026/1/1 0:00
2026/1/1,SO1001,2026/10/1,1,0,0,2026/1/1 0:00
2026/1/1,SO1101,2026/10/1,60.67,0,135.83,2026/1/1 0:00
2026/1/1,SO1102,2026/10/1,6,0,15,2026/1/1 0:00
2026/1/1,KM0101,2026/11/1,80.5,0,0,2026/1/1 0:00
2026/1/1,KM0201,2026/11/1,99.5,0,0,2026/1/1 0:00
2026/1/1,KM0301,2026/11/1,36,0,0,2026/1/1 0:00
2026/1/1,KM0401,2026/11/1,36.5,0,0,2026/1/1 0:00
2026/1/1,KM0501,2026/11/1,27.5,0,0,2026/1/1 0:00
2026/1/1,KM0601,2026/11/1,173,0,0,2026/1/1 0:00
2026/1/1,KM0701,2026/11/1,361.5,0,168.67,2026/1/1 0:00
2026/1/1,KM0801,2026/11/1,199,0,0,2026/1/1 0:00
2026/1/1,KM0901,2026/11/1,133,0,346.5,2026/1/1 0:00
2026/1/1,KM1001,2026/11/1,354.83,0,0,2026/1/1 0:00
2026/1/1,KM1101,2026/11/1,354.67,0,321.5,2026/1/1 0:00
2026/1/1,KM1102,2026/11/1,165.17,0,0,2026/1/1 0:00
2026/1/1,IF0101,2026/11/1,862.5,0,364.33,2026/1/1 0:00
2026/1/1,IF0201,2026/11/1,354.17,0,0,2026/1/1 0:00
2026/1/1,IF0301,2026/11/1,4,0,0,2026/1/1 0:00
2026/1/1,IF0401,2026/11/1,615,0,0,2026/1/1 0:00
2026/1/1,IF0501,2026/11/1,247,0,0,2026/1/1 0:00
2026/1/1,IF0601,2026/11/1,5,0,0,2026/1/1 0:00
2026/1/1,IF0701,2026/11/1,149.5,0,0,2026/1/1 0:00
2026/1/1,IF0801,2026/11/1,325,0,0,2026/1/1 0:00
2026/1/1,IF0901,2026/11/1,48,0,172.5,2026/1/1 0:00
2026/1/1,IF1001,2026/11/1,1,0,163,2026/1/1 0:00
2026/1/1,IF1101,2026/11/1,365,0,0,2026/1/1 0:00
2026/1/1,IF1102,2026/11/1,258.5,0,161.5,2026/1/1 0:00
2026/1/1,SO0101,2026/11/1,5,0,0,2026/1/1 0:00
2026/1/1,SO0201,2026/11/1,56.67,0,0,2026/1/1 0:00
2026/1/1,SO0301,2026/11/1,80.83,0,41.5,2026/1/1 0:00
2026/1/1,SO0401,2026/11/1,37.33,0,29.5,2026/1/1 0:00
2026/1/1,SO0501,2026/11/1,15,0,0,2026/1/1 0:00
2026/1/1,SO0601,2026/11/1,157.67,0,80,2026/1/1 0:00
2026/1/1,SO0701,2026/11/1,2.83,0,0,2026/1/1 0:00
2026/1/1,SO0801,2026/11/1,4,0,192.17,2026/1/1 0:00
2026/1/1,SO0901,2026/11/1,4.5,0,3,2026/1/1 0:00
2026/1/1,SO1001,2026/11/1,17.83,0,0,2026/1/1 0:00
2026/1/1,SO1101,2026/11/1,4.5,0,0,2026/1/1 0:00
2026/1/1,SO1102,2026/11/1,164,0,0,2026/1/1 0:00
2026/1/1,KM0101,2026/12/1,2,0,299.5,2026/1/1 0:00
2026/1/1,KM0201,2026/12/1,350,0,179.5,2026/1/1 0:00
2026/1/1,KM0301,2026/12/1,356.83,0,0,2026/1/1 0:00
2026/1/1,KM0401,2026/12/1,75,0,0,2026/1/1 0:00
2026/1/1,KM0501,2026/12/1,242.67,0,438.5,2026/1/1 0:00
2026/1/1,KM0601,2026/12/1,584.33,0,0,2026/1/1 0:00
2026/1/1,KM0701,2026/12/1,40,0,30,2026/1/1 0:00
2026/1/1,KM0801,2026/12/1,339.5,0,356.5,2026/1/1 0:00
2026/1/1,KM0901,2026/12/1,185,0,0,2026/1/1 0:00
2026/1/1,KM1001,2026/12/1,61.67,0,156.67,2026/1/1 0:00
2026/1/1,KM1101,2026/12/1,195,0,0,2026/1/1 0:00
2026/1/1,KM1102,2026/12/1,0,0,180,2026/1/1 0:00
2026/1/1,IF0101,2026/12/1,33.5,0,0,2026/1/1 0:00
2026/1/1,IF0201,2026/12/1,90,0,0,2026/1/1 0:00
2026/1/1,IF0301,2026/12/1,150.5,0,0,2026/1/1 0:00
2026/1/1,IF0401,2026/12/1,62.33,0,0,2026/1/1 0:00
2026/1/1,IF0501,2026/12/1,838.5,0,589,2026/1/1 0:00
2026/1/1,IF0601,2026/12/1,206.33,0,0,2026/1/1 0:00
2026/1/1,IF0701,2026/12/1,68.5,0,72.5,2026/1/1 0:00
2026/1/1,IF0801,2026/12/1,61.5,0,67,2026/1/1 0:00
2026/1/1,IF0901,2026/12/1,198.5,0,0,2026/1/1 0:00
2026/1/1,IF1001,2026/12/1,163.17,0,0,2026/1/1 0:00
2026/1/1,IF1101,2026/12/1,10,50,0,2026/1/1 0:00
2026/1/1,IF1102,2026/12/1,0,0,75,2026/1/1 0:00
2026/1/1,SO0101,2026/12/1,111.17,0,14.83,2026/1/1 0:00
2026/1/1,SO0201,2026/12/1,300.17,0,351.83,2026/1/1 0:00
2026/1/1,SO0301,2026/12/1,491.5,0,169.5,2026/1/1 0:00
2026/1/1,SO0401,2026/12/1,11.83,0,0,2026/1/1 0:00
2026/1/1,SO0501,2026/12/1,173.5,0,0,2026/1/1 0:00
2026/1/1,SO0601,2026/12/1,454.5,0,331.67,2026/1/1 0:00
2026/1/1,SO0701,2026/12/1,300.33,0,232.5,2026/1/1 0:00
2026/1/1,SO0801,2026/12/1,6.67,0,0,2026/1/1 0:00
2026/1/1,SO0901,2026/12/1,20.5,0,0,2026/1/1 0:00
2026/1/1,SO1001,2026/12/1,4,0,0,2026/1/1 0:00
2026/1/1,SO1101,2026/12/1,330.83,0,1756.33,2026/1/1 0:00
2026/1/1,SO1102,2026/12/1,30,0,0,2026/1/1 0:00
2026/1/1,TS0101,2026/1/1,12345678.12,12345678.12,12345678.12,2026/1/1 0:00
2026/1/1,TS0101,2026/2/1,12345678.12,12345678.12,12345678.12,2026/1/1 0:00
2026/1/1,TS0101,2026/3/1,12345678.12,12345678.12,12345678.12,2026/1/1 0:00
2026/1/1,TS0101,2026/4/1,12345678.12,12345678.12,12345678.12,2026/1/1 0:00
2026/1/1,TS0101,2026/5/1,12345678.12,12345678.12,12345678.12,2026/1/1 0:00
2026/1/1,TS0101,2026/6/1,12345678.12,12345678.12,12345678.12,2026/1/1 0:00
2026/1/1,TS0101,2026/7/1,12345678.12,12345678.12,12345678.12,2026/1/1 0:00
2026/1/1,TS0101,2026/8/1,12345678.12,12345678.12,12345678.12,2026/1/1 0:00
2026/1/1,TS0101,2026/9/1,12345678.12,12345678.12,12345678.12,2026/1/1 0:00
2026/1/1,TS0101,2026/10/1,12345678.12,12345678.12,12345678.12,2026/1/1 0:00
2026/1/1,TS0101,2026/11/1,12345678.12,12345678.12,12345678.12,2026/1/1 0:00
2026/1/1,TS0101,2026/12/1,12345678.12,12345678.12,12345678.12,2026/1/1 0:00
2026/1/1,KM0101,2025/1/1,183.17,0,78.33,2026/1/1 0:00
2026/1/1,KM0101,2025/2/1,81.5,0,0,2026/1/1 0:00
2026/1/1,KM0101,2025/3/1,552,0,177.5,2026/1/1 0:00
2026/1/1,KM0101,2025/4/1,1,0,505.83,2026/1/1 0:00
2026/1/1,KM0101,2025/5/1,156,0,116.67,2026/1/1 0:00
2026/1/1,KM0101,2025/6/1,74.33,0,0,2026/1/1 0:00
2026/1/1,KM0101,2025/7/1,881,0,738.17,2026/1/1 0:00
2026/1/1,KM0101,2025/8/1,655.5,0,0,2026/1/1 0:00
2026/1/1,KM0101,2025/9/1,62.5,0,0,2026/1/1 0:00
2026/1/1,KM0101,2025/10/1,399.58,0,298.67,2026/1/1 0:00
2026/1/1,KM0101,2025/11/1,80.5,0,0,2026/1/1 0:00
2026/1/1,KM0101,2025/12/1,2,0,299.5,2026/1/1 0:00
2026/1/1,KM0101,2024/1/1,183.17,0,78.33,2026/1/1 0:00
2026/1/1,KM0101,2024/2/1,81.5,0,0,2026/1/1 0:00
2026/1/1,KM0101,2024/3/1,552,0,177.5,2026/1/1 0:00
2026/1/1,KM0101,2024/4/1,1,0,505.83,2026/1/1 0:00
2026/1/1,KM0101,2024/5/1,156,0,116.67,2026/1/1 0:00
2026/1/1,KM0101,2024/6/1,74.33,0,0,2026/1/1 0:00
2026/1/1,KM0101,2024/7/1,881,0,738.17,2026/1/1 0:00
2026/1/1,KM0101,2024/8/1,655.5,0,0,2026/1/1 0:00
2026/1/1,KM0101,2024/9/1,62.5,0,0,2026/1/1 0:00
2026/1/1,KM0101,2024/10/1,399.58,0,298.67,2026/1/1 0:00
2026/1/1,KM0101,2024/11/1,80.5,0,0,2026/1/1 0:00
2026/1/1,KM0101,2024/12/1,2,0,299.5,2026/1/1 0:00
